nose_x,nose_y,nose_z,nose_visibility,left_shoulder_x,left_shoulder_y,left_shoulder_z,left_shoulder_visibility,right_shoulder_x,right_shoulder_y,right_shoulder_z,right_shoulder_visibility,left_hip_x,left_hip_y,left_hip_z,left_hip_visibility,right_hip_x,right_hip_y,right_hip_z,right_hip_visibility,left_knee_x,left_knee_y,left_knee_z,left_knee_visibility,right_knee_x,right_knee_y,right_knee_z,right_knee_visibility,left_ankle_x,left_ankle_y,left_ankle_z,left_ankle_visibility,right_ankle_x,right_ankle_y,right_ankle_z,right_ankle_visibility,left_wrist_x,left_wrist_y,left_wrist_z,left_wrist_visibility,right_wrist_x,right_wrist_y,right_wrist_z,right_wrist_visibility,trunk_lateral_inclination,center_mass_x,center_mass_y,left_knee_angle,right_knee_angle,person_height,center_mass_velocity_x,center_mass_velocity_y,center_mass_acceleration_x,center_mass_acceleration_y,body_orientation,torso_leg_ratio,frame,timestamp
1.0260234377057325,0.5548055986339129,-0.33035680651664734,0.9999238848686218,1.0210022473128388,0.6756384541963504,-0.008786545135080814,0.9999714493751526,0.9597005746997304,0.6696685860865128,-0.37069132924079895,0.9999489784240723,1.0122707024040953,0.9948841295393365,0.11076974868774414,0.9998891949653625,0.988865900065437,1.0366333468277733,-0.11101020872592926,0.9998903870582581,1.0211507542412943,1.2935967069665153,0.19336137175559998,0.9442523121833801,1.0057090148619,1.3114940553339023,-0.08002819120883942,0.9656009078025818,0.9915770072188169,1.5548055986339129,0.28220805525779724,0.9322222471237183,0.9795019033453973,1.5709729793023852,-0.028314312919974327,0.9484395980834961,1.096362060554059,1.0009587806046418,-0.026058822870254517,0.9076551795005798,1.0219212236440918,1.0777739617447257,-0.5986304879188538,0.9897900223731995,0.0032227039337158203,1.0005683012347661,1.0157587381835549,171.83777632267834,170.72611309947138,1.0,0.38615087481578875,-0.4383968383957876,2.1694177953226936,-2.4059786806645507,152.2914908835527,0.8434546914784338,0,0.0
1.084851270807448,0.6014723427372406,-0.2831730246543884,0.9999272227287292,1.0418302542373563,0.716494535471073,0.03380056470632553,0.9999608397483826,1.009241138740767,0.7072742025978827,-0.3539573848247528,0.9999532103538513,1.0601055075890264,1.0472956452859363,0.12243781238794327,0.9998947978019714,1.0493278382853022,1.0661830049627168,-0.12267793715000153,0.9998992681503296,1.0625146201452065,1.3389983917409212,0.23665781319141388,0.8967845439910889,1.0577984702284702,1.3589961640187465,-0.08156446367502213,0.9575130343437195,1.032820738829002,1.6014723427372406,0.33583369851112366,0.9152450561523438,1.0387432842165425,1.615281921229905,0.0009319387609139085,0.9484013319015503,1.1169579430652607,1.057283036470387,0.029284978285431862,0.8322580456733704,1.0705462597774646,1.113015403583828,-0.5751932263374329,0.9905160665512085,0.004781007766723633,1.0547166729371644,1.0567393251243264,173.07234354160724,174.0907906312219,1.0,0.10211302137818738,-0.005819852541867418,-2.346983886010137,3.5262307019210706,147.12756300284016,0.826616801468593,1,0.03333333333333333
1.0905438243605863,0.6042361752563689,-0.3369602859020233,0.999931812286377,1.0496934834161225,0.7244983901735631,0.0022374561522156,0.9999550580978394,1.009201843137626,0.7081107654734514,-0.3830558657646179,0.9999571442604065,1.0667217851178796,1.0582671100448415,0.12516364455223083,0.999901294708252,1.0538274826320344,1.0611386767464361,-0.12538662552833557,0.9999077320098877,1.0662029440452343,1.3378781442265115,0.2335054874420166,0.8665315508842468,1.063184389679297,1.3499125573384572,-0.14239366352558136,0.9568691849708557,1.039107371835179,1.604236175256369,0.3367927074432373,0.9090838432312012,1.0476328871169351,1.6189439409354185,-0.08251495659351349,0.9507122039794922,1.1230542882901136,1.0552859371571202,-0.005292008630931377,0.7788838744163513,1.0806508853756966,1.1203607451097757,-0.5992127656936646,0.9911707639694214,0.008466124534606934,1.0602746338749571,1.059702893395639,174.29781969175997,174.83580894355987,1.0,0.012327833783932965,-0.007055220219996776,-0.6716824675677536,-0.009042600275326058,99.6343157790522,0.8267194145399867,2,0.06666666666666667
1.0963787537238312,0.6085253489324862,-0.313014417886734,0.9999370574951172,1.0556503055997895,0.7302572641357282,0.03210540860891342,0.9999502301216125,1.0143739421724,0.7125872562941321,-0.3647295832633972,0.9999606013298035,1.073739157556759,1.0722277269938139,0.12590977549552917,0.9999061226844788,1.0605263926248214,1.0744984066544192,-0.1261439025402069,0.999914824962616,1.071241966071657,1.3455966796494825,0.26000022888183594,0.8320587873458862,1.0684726128086817,1.3641560505421453,-0.10361628234386444,0.9510363936424255,1.0495643789474465,1.6085253489324862,0.381228506565094,0.8986124396324158,1.0576030576663187,1.625780567857613,0.0015902502927929163,0.9501623511314392,1.1296399585859915,1.0540573076074604,0.025272760540246964,0.7273122072219849,1.0833108173241806,1.1269277256961503,-0.5821996331214905,0.9916062355041504,0.009090185165405273,1.0671327750907902,1.0733630668241165,175.81019031162216,176.0495258948819,1.0,0.01933181369967577,0.07472990196265071,0.05659812560748672,0.6660923708317588,96.72341895867005,0.8562326651237468,3,0.1
1.1013259215021214,0.6171918459672805,-0.31428080797195435,0.9999421834945679,1.065909982306315,0.7392228246962026,0.02483958564698696,0.9999492764472961,1.0209276640388607,0.7154057032471617,-0.35658833384513855,0.9999638199806213,1.0889816799491259,1.0834704996706668,0.12034168094396591,0.9999106526374817,1.074262460427966,1.0817666071940715,-0.12058617174625397,0.9999210834503174,1.0856682317748543,1.3558100523709053,0.24026641249656677,0.8149784207344055,1.0826175039502797,1.3674813426863954,-0.09812662750482559,0.9491788744926453,1.0611562948781135,1.6171918459672805,0.3575955331325531,0.8964899182319641,1.0698477557146195,1.6301481687966002,0.004242233000695705,0.9512165784835815,1.1521988661278897,1.0676211045484145,0.018716350197792053,0.6968485116958618,1.0868543797540446,1.1370081959303766,-0.5671302676200867,0.992091953754425,0.012174099683761597,1.081622070188546,1.0826185534323691,175.3396291582685,175.5417127421627,1.0,0.05419042411980357,0.01666299844852426,0.24715511325794232,-0.4166080081236649,79.56258220017247,0.8606118585924196,4,0.13333333333333333
1.1100218958544972,0.6154921585724418,-0.24239417910575867,0.9999440908432007,1.0705913819284272,0.7485348082287244,0.06571219861507416,0.9999444484710693,1.0303977763544627,0.7253172601990371,-0.320870041847229,0.9999666213989258,1.096182738302977,1.094146064905556,0.12157706916332245,0.9999133944511414,1.0801461822771583,1.0931365986332378,-0.12178436666727066,0.9999265074729919,1.0918244804617698,1.3590185243287893,0.2550191283226013,0.7677823901176453,1.0912169443707365,1.3829447078125605,-0.09372542798519135,0.9411113262176514,1.0692369676840967,1.6154921585724418,0.366072416305542,0.8769145607948303,1.0710333758898403,1.6431369892844663,-0.0035161313135176897,0.9487196803092957,1.1638899392740008,1.082049035599606,0.06574173271656036,0.6487616300582886,1.0960742958717211,1.1432617920716834,-0.5532418489456177,0.9924763441085815,0.01177874207496643,1.0881644602900677,1.093641331769397,175.90964292698789,173.37669602203079,1.0,-0.01217644329555724,0.02144555376580355,-0.5019454464220593,0.035004669833020155,82.16327568498488,0.8930366809224727,5,0.16666666666666666
1.1156965121880744,0.6205703007107554,-0.2655852138996124,0.9999472498893738,1.0692356290160587,0.7502069089026705,0.04977896064519882,0.9999377727508545,1.038378264205008,0.7302675179130068,-0.3248274028301239,0.9999694228172302,1.1020734835520711,1.1024878920194239,0.12159423530101776,0.9999175071716309,1.0846044182936059,1.0965868241261332,-0.12179318815469742,0.9999323487281799,1.0942147254874675,1.3661524441948438,0.26102328300476074,0.7281017899513245,1.0889724820019377,1.3891390014362537,-0.09094081073999405,0.9374006986618042,1.0747709589917542,1.6205703007107555,0.39342087507247925,0.8604729175567627,1.07034382908226,1.6586802862300856,0.008646930567920208,0.9486665725708008,1.1687429223924457,1.088796464722475,0.054731398820877075,0.5984286665916443,1.1020956924437082,1.1474728289568035,-0.5479692816734314,0.9929307699203491,0.01006057858467102,1.0933389509228386,1.0995373580727785,177.33693858530484,175.19102298736374,1.0,-0.0059569069171781135,-0.0007007861706017812,0.04777848308768717,-0.16921629754795572,66.00954508147471,0.8871375065877994,6,0.2
1.126119058000012,0.6318141801697416,-0.264299213886261,0.9999513030052185,1.0778308676409984,0.7554357914603628,0.06896944344043732,0.9999307990074158,1.051168063261881,0.7391889196146473,-0.3154769539833069,0.9999720454216003,1.1136047685315145,1.1163272034450011,0.12306145578622818,0.9999219179153442,1.098449868901219,1.108856663341914,-0.12328503280878067,0.999937891960144,1.1058943684263964,1.3790393654699549,0.23804724216461182,0.7027044296264648,1.1086582532505929,1.3984209614706955,-0.11140334606170654,0.9380112886428833,1.0852322449247749,1.6318141801697417,0.37769901752471924,0.8546876907348633,1.0819651080146448,1.6669524759453147,-0.017896519973874092,0.9505687355995178,1.1580124349732128,1.1220429908439895,0.06786057353019714,0.551904559135437,1.113652071599644,1.159669834140631,-0.5200066566467285,0.9934386610984802,0.008106917142868042,1.1060273187163667,1.1125919333934575,177.00806656536116,172.30412494674815,1.0,0.0035877188715146757,0.005838020149321029,0.07283196000546635,0.049609355520558666,58.09817697858201,0.8956479383903556,7,0.23333333333333334
1.1231711642483644,0.6324748238737601,-0.304013192653656,0.9999558329582214,1.0775284783534087,0.7521489683299412,0.030277345329523087,0.9999290704727173,1.0482446738536095,0.739837656904265,-0.346746563911438,0.9999746084213257,1.1124689651798492,1.121305450643636,0.12334883213043213,0.9999262690544128,1.0961957567424947,1.1092439391304374,-0.12356214225292206,0.9999431371688843,1.1050020538242147,1.3784932835324464,0.2734825611114502,0.6649465560913086,1.1035723415952652,1.3978764919310214,-0.06607590615749359,0.9345250725746155,1.0831264544192718,1.63247482387376,0.44229865074157715,0.8338992595672607,1.076781524710175,1.6697328954625847,0.06738391518592834,0.9493675827980042,1.1478489137104475,1.1302431208820973,0.04393923282623291,0.507104218006134,1.1126899489094446,1.1583462374745808,-0.5446918606758118,0.9938976168632507,0.006149858236312866,1.104332360961172,1.1152746948870367,176.74022160527238,172.90781669688462,1.0,-0.003660452422580078,0.02933749578082578,-0.05451568766356221,0.17689031348613002,48.04767975280222,0.9007837166236075,8,0.26666666666666666
1.1190743577707807,0.630329614667229,-0.3400605320930481,0.9999601244926453,1.0704531237652184,0.7481447332967084,0.014148774556815624,0.9999308586120605,1.0449135569610972,0.7401106792714753,-0.3704376816749573,0.9999769926071167,1.1094222341131519,1.1185441455525966,0.1247171014547348,0.9999311566352844,1.0932257087824566,1.10774757280629,-0.12490669637918472,0.9999481439590454,1.1032549912547713,1.3753191984667048,0.28415387868881226,0.6312280297279358,1.0981253219358138,1.3966314683510317,-0.04682869464159012,0.933373749256134,1.0800600216893097,1.630329614667229,0.46318545937538147,0.814606249332428,1.0720276933828563,1.6731404130490046,0.08400740474462509,0.9494237303733826,1.1418651520965222,1.1279290803370887,0.040084488689899445,0.4660126566886902,1.1102686694208346,1.1557513565339759,-0.5472887754440308,0.9942554831504822,0.0040235817432403564,1.1013239714478043,1.1131458591794434,176.1787213708632,173.63657701152133,1.0,-0.001283178482130056,0.005529324611475842,0.017772031485101324,-0.17812638739611567,50.30675300541288,0.8960620439041065,9,0.3
1.1129353754340559,0.6302474291372463,-0.3399144113063812,0.9999640583992004,1.0589471094996594,0.7434249291251016,0.014904682524502277,0.9999342560768127,1.0400123414208582,0.7394073914162906,-0.35944560170173645,0.9999791979789734,1.102832258929076,1.1110429294476183,0.12586210668087006,0.999934732913971,1.0886669950287156,1.1010400514415446,-0.12606263160705566,0.9999524354934692,1.0978461637624557,1.3663747941171138,0.2637438178062439,0.5817376375198364,1.0923240414456572,1.3877218028569394,-0.09297266602516174,0.928648829460144,1.0751498452997683,1.6302474291372462,0.43435001373291016,0.7742358446121216,1.0676893047298945,1.6701010003588916,-0.030562493950128555,0.9457105398178101,1.1365503098329346,1.1242883925595546,0.03403373062610626,0.43149489164352417,1.1064171478450322,1.1493050071499908,-0.5492315888404846,0.9946825504302979,0.0020210444927215576,1.0957496269788958,1.1060414904445814,176.20267597186924,174.28329227700158,1.0,-0.004751014192150844,-0.015209200433112779,-0.024588607001626215,-0.14662992048019333,47.96438095916246,0.8741017685055741,10,0.3333333333333333
1.1129722758141334,0.6320695393169676,-0.3284890949726105,0.999967634677887,1.0593313599281904,0.7433702060572007,0.02248227968811989,0.9999369382858276,1.040857266073902,0.7391119937758341,-0.3502426743507385,0.999981164932251,1.101194224181805,1.112189926478493,0.12470811605453491,0.9999378323554993,1.0891251485583195,1.1027234639397379,-0.12490959465503693,0.9999563694000244,1.0980469194950437,1.372020509957284,0.2673206627368927,0.5411999225616455,1.0944604698045117,1.3927248390103073,-0.08074816316366196,0.9275436997413635,1.075969773114542,1.6320695393169677,0.4170234203338623,0.7442822456359863,1.0676391817197561,1.674431081599439,-0.0036119960714131594,0.9445621371269226,1.1325090697437097,1.1250085015413065,0.043835677206516266,0.3985319435596466,1.108821211118753,1.1487908777379632,-0.5366361737251282,0.9950762987136841,0.0021401941776275635,1.0951596863700621,1.1074566952091154,175.84143263222614,173.50727150048104,1.0,-0.010584412155756284,0.002832953609421154,-0.039186148976749276,0.1213797161208489,45.41525200177866,0.870812817926953,11,0.36666666666666664
1.1147858565056474,0.6317594638643809,-0.312115877866745,0.9999708533287048,1.0601236952668647,0.7442408736267883,0.03409368172287941,0.999939501285553,1.0437432524047732,0.739298054018789,-0.3321821093559265,0.9999829530715942,1.0997559724944697,1.1193238055456691,0.12458151578903198,0.999940812587738,1.0909099011471728,1.1116351863064147,-0.12478791177272797,0.9999599456787109,1.0980510479160217,1.3773154835363133,0.2874912619590759,0.5028006434440613,1.0946067366327057,1.3984822404184891,-0.040669918060302734,0.9278363585472107,1.0774863087319304,1.6317594638643809,0.4494767189025879,0.7209746241569519,1.0690440384383428,1.6791659214726973,0.04776301234960556,0.9448845386505127,1.1323840007795571,1.1271604930936117,0.051080457866191864,0.37000158429145813,1.1125365491646797,1.149754219679419,-0.5366979837417603,0.9954505562782288,0.0024791955947875977,1.0953329368208213,1.115479495926042,175.75789967827885,174.0578809924384,1.0,-0.015512846162818386,0.04304005552557236,-0.036719186997712205,0.3008439893994778,42.97260838765374,0.8957787585655728,12,0.4
1.1162326067395576,0.6308069063535985,-0.3075871467590332,0.9999737739562988,1.0615181963078595,0.7455810445993428,0.03837069123983383,0.9999428391456604,1.047380348122015,0.7397953180578408,-0.32755738496780396,0.9999845623970032,1.09714134580826,1.122276091668667,0.12595142424106598,0.9999440908432007,1.0909526448861324,1.1141267367817886,-0.12613819539546967,0.9999633431434631,1.0997942753593992,1.3774402312695622,0.28647035360336304,0.46499067544937134,1.095189619056195,1.4005523087944294,-0.06461040675640106,0.9306550025939941,1.0787274817755417,1.6308069063535984,0.44404274225234985,0.6960867047309875,1.0711627998048154,1.6832414256949106,-0.013879023492336273,0.946639358997345,1.1313342368069337,1.1288131919445357,0.042580537497997284,0.34371522068977356,1.11381166568874,1.1507271184975,-0.5172920823097229,0.9957834482192993,0.0028972327709198,1.0940469953471963,1.1182014142252277,174.65125514888857,174.29439958702415,1.0,-0.023706397040698934,0.006892966072267079,-0.06288006965333995,-0.2788101425132667,31.811138239122982,0.9049192297602415,13,0.43333333333333335
1.1154950021639196,0.6312869149051668,-0.2999120354652405,0.9999762773513794,1.0596999662398812,0.7449633323468041,0.02934752032160759,0.9999449849128723,1.0491923895471533,0.7390283332168337,-0.33016353845596313,0.9999859929084778,1.0929515713327513,1.1247498553668922,0.12471266090869904,0.9999465346336365,1.0894390912430416,1.117496099739586,-0.12489823251962662,0.9999662041664124,1.0972651329360446,1.377929567766374,0.27512606978416443,0.4319877028465271,1.0939232678605157,1.400491678205092,-0.07273998856544495,0.931882917881012,1.0776103784851374,1.6312869149051668,0.43005019426345825,0.6760948896408081,1.0706482388967133,1.6807386178577643,-0.005118710454553366,0.9464939832687378,1.1257486789680409,1.1282065345907366,0.030326027423143387,0.3206597864627838,1.1122988856186355,1.149702598636805,-0.5173400044441223,0.9960901141166687,0.0029732584953308105,1.0911953312878966,1.1211229775532392,174.58795311218216,174.34457655623694,1.0,-0.018001852425852217,0.025709481391020795,0.04303692130867574,0.14223398628885991,20.833938196381876,0.9164264570502435,14,0.4666666666666667
1.1174411518717058,0.6322135030979726,-0.2929234802722931,0.9999785423278809,1.0628219206953344,0.7462418545302306,0.03473096340894699,0.9999465942382812,1.0509009011156898,0.7387590609857628,-0.31785404682159424,0.9999873042106628,1.0936980551960778,1.1284013564895303,0.12415357679128647,0.9999480247497559,1.0910829934321264,1.1216365515945714,-0.12434615939855576,0.9999685883522034,1.0971138358308166,1.3814866930704022,0.26788944005966187,0.40039166808128357,1.095507033737718,1.4039201727273507,-0.06332261860370636,0.9320133328437805,1.0775597016562257,1.6322135030979725,0.39657527208328247,0.6599881052970886,1.0742365454911313,1.6841920428308899,-0.0018297636415809393,0.9464195370674133,1.1287935501898265,1.1281375496023704,0.035502851009368896,0.29894259572029114,1.1134653329378812,1.1518720633155601,-0.5140331983566284,0.9963707327842712,0.003741443157196045,1.092390524314102,1.1250189540420508,174.7672915259906,174.76212419746236,1.0,-0.007104021678416789,0.013554430502559937,0.08544947090194033,-0.09539214991807436,16.515828157763334,0.925016813480448,15,0.5
1.1204952984790535,0.6335890090617478,-0.30100148916244507,0.999980628490448,1.0658245209016357,0.7476535131748202,0.03041241504251957,0.9999485015869141,1.0540767106083362,0.7390384363540534,-0.31547942757606506,0.9999884963035583,1.0957052705796029,1.1321392262497387,0.12364035844802856,0.9999504089355469,1.0920310091123142,1.1269113891047795,-0.1238226443529129,0.9999709725379944,1.0981659355341407,1.3858442549946544,0.27629417181015015,0.3773641288280487,1.0985184666724486,1.4085392987642822,-0.04771028459072113,0.9344099164009094,1.080339503385357,1.6335890090617478,0.4303181767463684,0.6530880928039551,1.0784717697451656,1.6894062002086376,0.03699392080307007,0.9481383562088013,1.1311977087030063,1.1267044608577768,0.03479151427745819,0.27909722924232483,1.1158490361010893,1.1541729603357043,-0.5035019516944885,0.9965292811393738,0.004295527935028076,1.0938681398459587,1.1295253076772591,175.32869509763665,174.59786604600342,1.0,-0.01252440642780593,0.010606228647774016,-0.04253017143063438,-0.023517842170725393,30.656682318900064,0.9332540307442486,16,0.5333333333333333
1.1211088468352417,0.6338324075342562,-0.3001805543899536,0.9999825358390808,1.066752671809315,0.7469045533671498,0.03322774916887283,0.999950647354126,1.0543049283350607,0.7374069329895998,-0.3152090013027191,0.9999895691871643,1.0960111238207955,1.1327378392110856,0.12318272888660431,0.9999524354934692,1.0909269976238158,1.1275540899254448,-0.12336540222167969,0.9999731779098511,1.098067927997024,1.3871347843581705,0.27990981936454773,0.3551589846611023,1.0986959242017789,1.409467458381199,-0.05409525707364082,0.9377801418304443,1.0807854150363054,1.6338324075342563,0.4345759451389313,0.6451879143714905,1.0790732852196472,1.6922572229878663,0.01976579800248146,0.9502350687980652,1.1310263073721505,1.1255622261299403,0.03408186882734299,0.26116228103637695,1.115544903313281,1.1541215225876218,-0.4975195825099945,0.9967071413993835,0.004733473062515259,1.0934690607223057,1.1301459645682652,175.52943814044121,174.45208829840593,1.0,-0.006690749192648111,0.0009120249660909167,0.04421971005153464,-0.07344881140676121,40.10756527412945,0.9324853195228002,17,0.5666666666666667
1.1208725782814508,0.6332082381787528,-0.3024042844772339,0.9999842643737793,1.0640071435608036,0.7445602904022112,0.031140033155679703,0.9999528527259827,1.0536684080898304,0.7356484031803351,-0.3162696361541748,0.9999905228614807,1.0926558237590307,1.1355930593427046,0.12349728494882584,0.9999542832374573,1.08855856365536,1.1319454081790234,-0.12368039041757584,0.9999750852584839,1.095908230071932,1.3879239196675595,0.27970558404922485,0.34191352128982544,1.0973307769864982,1.4097405273710941,-0.049014948308467865,0.9412776827812195,1.079704505486621,1.633208238178753,0.4322934150695801,0.6494743824005127,1.0778122767375884,1.690887103051791,0.03704466670751572,0.9527510404586792,1.1293659217571717,1.1243175887961228,0.03937002643942833,0.24919405579566956,1.1141755198984216,1.152896013863679,-0.50275057554245,0.9969213604927063,0.004445791244506836,1.0906071937071953,1.133769233760864,175.48200553100892,174.2199483335866,1.0,-0.014026078511921915,0.03624175089047384,-0.0566021082534862,0.27238702512553814,44.132176108294985,0.949020632831683,18,0.6
1.1246842535020027,0.634016454633068,-0.30204540491104126,0.9999858140945435,1.0646030903975543,0.7426222390975414,0.025241944938898087,0.9999555945396423,1.056062263943756,0.7342332306751415,-0.32456833124160767,0.9999914169311523,1.090698796795724,1.1383389000942206,0.12335213273763657,0.9999566078186035,1.0867497327326439,1.135973961741497,-0.1235276311635971,0.9999769926071167,1.0976686626818173,1.390932029266112,0.30235767364501953,0.32981353998184204,1.0997154833148273,1.4127542106763922,-0.0421467125415802,0.9447887539863586,1.0814981573288405,1.634016454633068,0.4816410541534424,0.6478697657585144,1.0799057734835475,1.6932118430032803,0.060070522129535675,0.9547173380851746,1.1291801497175928,1.1266285057054437,0.03948197886347771,0.23899026215076447,1.1158803635613985,1.1542390412903756,-0.5061334371566772,0.9970805644989014,0.004177898168563843,1.088724264764184,1.1371564309178588,174.61359139383924,173.2776517347321,1.0,-0.02871331599745395,0.011369302745230776,-0.11308841934422534,-0.19229293994093583,55.31134318258647,0.9580311866166138,19,0.6333333333333333
1.1252208773683112,0.6333311332285414,-0.29772835969924927,0.9999871850013733,1.06359809442228,0.7373771378980246,0.02513563074171543,0.9999578595161438,1.0553474623106505,0.7318639622595937,-0.3250653147697449,0.9999921917915344,1.0884028411005402,1.1372173074591445,0.12273339927196503,0.9999581575393677,1.0821289553161109,1.1346464132672058,-0.12290766090154648,0.9999786019325256,1.0962000603115682,1.3909146194332864,0.2969944477081299,0.3121040165424347,1.1022913613124485,1.4125598243168496,-0.0283571295440197,0.9452710151672363,1.0801437194541157,1.6333311332285414,0.47157058119773865,0.6407449245452881,1.0800570305424766,1.691814821005931,0.08348806202411652,0.9549623727798462,1.141776187644068,1.1350769881234994,0.038661688566207886,0.22732871770858765,1.114564717636877,1.1517360859513983,-0.5177116990089417,0.9972562789916992,0.002748250961303711,1.0852658982083256,1.1359318603631752,174.45018286196125,171.29820840636756,1.0,-0.018651442080573902,-0.00121265936517392,0.0767801562567323,-0.09618644158378611,64.16741997666507,0.9573126333709588,20,0.6666666666666666
1.1273946974223887,0.6334257252088445,-0.2995532751083374,0.9999883770942688,1.064211595973765,0.7349288294706082,0.012641902081668377,0.9999592304229736,1.05692518052178,0.7298037595607292,-0.3320799171924591,0.999992847442627,1.0861655705148476,1.1374809766188831,0.12217892706394196,0.9999600648880005,1.0779421593529013,1.1348160287744038,-0.12232957780361176,0.9999801516532898,1.096905378503687,1.391594595900566,0.2986505627632141,0.29417335987091064,1.1061442471046905,1.4131535108514006,-0.03326094150543213,0.9456914067268372,1.0794259950406446,1.6334257252088447,0.4789632260799408,0.624396562576294,1.0802330983149386,1.6871416296405448,0.08536746352910995,0.9535681009292603,1.1311395704985812,1.1351082269515083,0.019995391368865967,0.21176087856292725,1.114673371955003,1.1517110158832375,-0.5191029906272888,0.9973512291908264,0.0025540292263031006,1.0820538649338745,1.1361485026966436,173.44579345164084,168.81193091503522,1.0,-0.02639393011786672,-0.0008926044748730147,-0.05779767798066478,0.0023935948682519232,68.92248232596549,0.9630279358355276,21,0.7
1.1288151940715567,0.6329225761951075,-0.2878855764865875,0.9999895095825195,1.0631507498798556,0.733181500037025,0.02474035695195198,0.9999614953994751,1.057957570628212,0.7292365915335496,-0.3242529034614563,0.9999935030937195,1.076462649564931,1.1364085721763284,0.12239988893270493,0.9999619126319885,1.0705129534536537,1.1339021095393143,-0.12255489826202393,0.9999815225601196,1.0958215442590153,1.3913155474374859,0.29312974214553833,0.27860212326049805,1.1054247303078357,1.4123909190006398,-0.03541768714785576,0.9461084008216858,1.0783589022843545,1.6329225761951074,0.4636124074459076,0.6125180125236511,1.079445924613555,1.6865110796729155,0.07752882689237595,0.9531456828117371,1.1246239304965524,1.1334122681598262,0.03807341307401657,0.20328772068023682,1.1138445513842472,1.150806179340635,-0.49910712242126465,0.9974642992019653,0.001967132091522217,1.0734878015092923,1.1351553408578212,171.52303129409034,167.44074758614033,1.0,-0.061053222407074226,-0.002209979350002005,-0.26824546264096244,-0.010195285083839795,65.26464628384299,0.963170670114007,22,0.7333333333333333
1.131429710186527,0.6324721507585136,-0.2682781219482422,0.9999905228614807,1.061741000306869,0.731666101455056,0.03586544841527939,0.9999635219573975,1.0605761287471005,0.7289464549165137,-0.32119157910346985,0.9999940395355225,1.064229046484528,1.135803892498962,0.12422764301300049,0.9999634027481079,1.0642905755976853,1.1335547943335629,-0.1243802160024643,0.9999827146530151,1.0932175024878967,1.3901558078435043,0.2928254306316376,0.2723769247531891,1.1053641857431311,1.4082460839556983,-0.03579171746969223,0.9488828182220459,1.0778091788653112,1.6324721507585136,0.4600902497768402,0.6051747798919678,1.0796716591468731,1.6859698628014277,0.06474760919809341,0.9544704556465149,1.1159777785517038,1.1328770182967869,0.05170542746782303,0.19846008718013763,1.1131820868082596,1.1496468676932312,-0.46898728609085083,0.9975408315658569,0.0013568103313446045,1.0642598110411066,1.1346793434162625,169.8596571573158,166.21032174528597,1.0,-0.06547320075793611,0.0005488061358854617,-0.033451536932129766,0.02073260942865888,1.9197964202699085,0.965575067644618,23,0.7666666666666667
1.1347108711195029,0.6330601407845964,-0.25724247097969055,0.9999914169311523,1.0643219245549025,0.7332186721834253,0.05255982279777527,0.9999643564224243,1.0631076822491636,0.7301587073586268,-0.29905977845191956,0.9999945163726807,1.0656458125578079,1.1374964224500284,0.12405127286911011,0.9999650120735168,1.061905170596615,1.1357441262045915,-0.12420656532049179,0.9999839067459106,1.0853812001439758,1.3916748990714949,0.2979193925857544,0.26931142807006836,1.1082624376943713,1.4110985864443206,-0.05413307994604111,0.9526107311248779,1.0798494789614925,1.6330601407845964,0.4743884205818176,0.6025052070617676,1.0831714084241173,1.6894418495361783,0.035713888704776764,0.9569501876831055,1.1154438717571478,1.1356512385834112,0.06649106740951538,0.19042447209358215,1.1146929902524256,1.1517486872740728,-0.42798733711242676,0.9975531697273254,0.0015237033367156982,1.0637754915772115,1.13662027432731,174.2474515429008,165.29263058364754,1.0,-0.018504134425821182,-0.001557022289699321,0.34825004033599744,-0.015580106037003024,64.71172722391343,0.9687568126094975,24,0.8
1.1394462118839144,0.6341579407392312,-0.23119080066680908,0.9999922513961792,1.0653867541538722,0.7339887685376725,0.08239711821079254,0.999964714050293,1.0676084384467115,0.7320459928424242,-0.2844655215740204,0.9999949932098389,1.055675990636195,1.1363166369757203,0.1267758160829544,0.9999663829803467,1.0538717107909532,1.136456330886713,-0.12693819403648376,0.9999850392341614,1.084264121889287,1.3899608839078306,0.29213252663612366,0.26211753487586975,1.1096668485922274,1.4115590481429425,-0.08028139919042587,0.9559725522994995,1.079792958288728,1.6341579407392313,0.44521427154541016,0.591133177280426,1.0840324168945528,1.6911428729059166,-0.01685551181435585,0.9589813351631165,1.1038189931124074,1.1372362685887398,0.08598500490188599,0.17700539529323578,1.1153899859233825,1.152977352274438,-0.4115127921104431,0.9976212382316589,0.0009665489196777344,1.0547738507135742,1.1363864839312168,172.5204080664172,163.29635349334507,1.0,-0.07651413069547307,-0.0095152720237515,-0.4464249546555291,-0.061250612116743014,95.80986347847852,0.9665080372220685,25,0.8333333333333334
1.1334122769632373,0.6303476024856065,-0.2534694969654083,0.9999929666519165,1.0626920475431232,0.7316960854170392,0.06209283322095871,0.9999651312828064,1.059735585613011,0.7309396083609533,-0.2965663969516754,0.9999954104423523,1.0462826254885023,1.1271869636938578,0.12657718360424042,0.9999672770500183,1.0370469818450263,1.1279282791018026,-0.12673446536064148,0.9999858736991882,1.0774581847690008,1.3797556441762147,0.2761230766773224,0.26225581765174866,1.1011811102274414,1.4010374848264604,-0.07330412417650223,0.9583303332328796,1.0720317417130594,1.6303476024856065,0.42408689856529236,0.5901259183883667,1.075890291978858,1.6833366708778392,0.004862204194068909,0.9606531858444214,1.1006779813389245,1.1247610999912478,0.03790920972824097,0.16526199877262115,1.1063906525287965,1.1453474074651913,-0.448620468378067,0.997626781463623,0.00037917494773864746,1.0416648036667644,1.1275576213978302,171.72282866966168,161.66531330963565,1.0,-0.04050812758638149,-0.002890495671143384,0.27275884947831364,0.05044638271718318,96.96502164931402,0.9534823959742257,26,0.8666666666666667
1.1395920472500503,0.6373203689906358,-0.257554829120636,0.999993622303009,1.0644226823587146,0.7386054874522577,0.06468601524829865,0.999965250492096,1.066269303130846,0.7376827130781559,-0.30146270990371704,0.9999957084655762,1.0341864857090277,1.1287904532695836,0.12881684303283691,0.999968409538269,1.0362955141158752,1.1298805824901568,-0.12897691130638123,0.9999865889549255,1.0800028825532275,1.382530774531332,0.2773987650871277,0.2816208600997925,1.102988981380731,1.4034903907944114,-0.06945441663265228,0.9615879654884338,1.0768556585294096,1.637320368990636,0.43200844526290894,0.6053717732429504,1.078000460970289,1.6857453573919325,0.013641657307744026,0.9631808400154114,1.0874746511008793,1.134433468110564,0.06580080091953278,0.15677101910114288,1.1081687627712296,1.1518361089819524,-0.4394618570804596,0.9973453283309937,0.00046175718307495117,1.0352409999124514,1.1293355178798703,169.05702660202152,161.24176628230592,1.0,-0.06347604957437301,-0.0008388660498626225,-0.17800869493346502,0.015985401276905047,112.90274490454826,0.942102797461789,27,0.9
1.1492533591793994,0.6478988982455005,-0.24004121124744415,0.9999942183494568,1.0710361623147333,0.7516298546038904,0.08857269585132599,0.9999641180038452,1.076537322450653,0.7492337588463736,-0.29087722301483154,0.9999960064888,1.0293336066590784,1.136092484800751,0.1320512443780899,0.9999690055847168,1.0354794798898785,1.1384245048518318,-0.1322316825389862,0.9999873042106628,1.0811531709083106,1.3934000224175063,0.2780124545097351,0.3007056415081024,1.1100632425424328,1.413736536759016,-0.070314921438694,0.9648035764694214,1.080382104596248,1.6478988982455005,0.42861929535865784,0.6202003955841064,1.0842868265981913,1.6960518216022042,0.008580014109611511,0.9657264351844788,1.079806681975306,1.1490737793697803,0.09016053378582001,0.14567692577838898,1.115989735898999,1.1697509918547728,-0.4079456329345703,0.9974444508552551,0.0011913478374481201,1.0324065432744784,1.1372584948262914,168.43983360194443,159.62518790537584,1.0,-0.07183384411729986,0.005002316396576331,-0.060165085008601606,0.04424862018778413,104.58833843135734,0.9368237274359119,28,0.9333333333333333
1.1540401488504035,0.6562068284744107,-0.24558301270008087,0.9999947547912598,1.0743457754643886,0.7612424555534181,0.09498502314090729,0.9999641180038452,1.0795387651386097,0.7599071685655479,-0.2932005524635315,0.9999963045120239,1.0264547238278043,1.139095508737433,0.13457509875297546,0.9999698400497437,1.0322878101305415,1.1426871153126807,-0.13476547598838806,0.9999879002571106,1.0791904189538777,1.4002519291517452,0.25753408670425415,0.31973037123680115,1.1125903173699299,1.4183661710794322,-0.06865663826465607,0.9673293232917786,1.0792293510559312,1.6562068284744107,0.3863522410392761,0.6341368556022644,1.0850337189253634,1.7001137081733744,0.01429767720401287,0.9677001237869263,1.0826794081984037,1.1604989124846,0.09505657851696014,0.13657407462596893,1.1190554495269929,1.1808622042707315,-0.4222530722618103,0.9973205924034119,0.0006623566150665283,1.0293712669791728,1.140891312025057,168.59241442128666,158.17359159893982,1.0,-0.04219369093566773,0.007471581645100072,0.2305197223639978,0.01900493932963401,114.39840796267741,0.9270283320394573,29,0.9666666666666667
1.1646407543763606,0.6721148396173343,-0.24967429041862488,0.9999952912330627,1.0790041404969746,0.7711260718905387,0.08173567056655884,0.9999654293060303,1.0893766340785542,0.7753507874864308,-0.30289509892463684,0.9999966025352478,1.0145998088908383,1.1456156892097082,0.13420255482196808,0.9999713897705078,1.0331529353937976,1.1498811538011589,-0.13438209891319275,0.9999887347221375,1.0875951653795566,1.4086609753096757,0.2533816397190094,0.35250020027160645,1.1198739320392606,1.4273889476511439,-0.0631643533706665,0.9700430035591125,1.087107507518764,1.6721148396173342,0.38797280192375183,0.6516638994216919,1.0921981090410473,1.7112084828042564,0.038895584642887115,0.9700400233268738,1.0766379176658685,1.175373822156027,0.0917043536901474,0.12865397334098816,1.1308705986625986,1.201919193048971,-0.41616564989089966,0.9972548484802246,0.002082526683807373,1.023876372142318,1.1477484215054337,164.38455150701833,157.07659025234537,1.0,-0.09254572885302259,-0.0024872532153447677,-0.3871766522537039,-0.07734674540862593,93.18940846392451,0.9053586098214185,30,1.0
1.179721867188064,0.692497564279217,-0.21847505867481232,0.999995768070221,1.09085004683761,0.7872985620551107,0.10797631740570068,0.9999656081199646,1.1028348262496759,0.7939789507996323,-0.27288904786109924,0.9999969005584717,1.014749552516353,1.1616226140038677,0.13399651646614075,0.9999726414680481,1.0396915045079098,1.1697148863270186,-0.13414974510669708,0.9999895095825195,1.1007440525588716,1.4251076610899864,0.25265729427337646,0.3875943124294281,1.1330988365578016,1.4485927962086815,-0.046489059925079346,0.972686767578125,1.1021750709961333,1.692497564279217,0.3843856155872345,0.6728933453559875,1.105061928166518,1.730152765253004,0.04929649829864502,0.9725594520568848,1.058573880820153,1.1857719060049283,0.11367641389369965,0.12045024335384369,1.1458482767103522,1.220124295884581,-0.38467684388160706,0.997442901134491,0.0032566487789154053,1.0272205285121314,1.1656687501654432,162.2313296774722,155.79564966479464,1.0,-0.06276892632917318,0.03956608570513556,0.23899695684891337,0.32642332684085673,96.48367415687692,0.9022809031377454,31,1.0333333333333334
1.1920266076306063,0.7097126576011187,-0.2311597764492035,0.9999961853027344,1.101607759992094,0.8063520037420832,0.11148965358734131,0.9999660849571228,1.113081690729546,0.8163556807626515,-0.2770702838897705,0.9999971389770508,1.0227407210065573,1.1780926219793657,0.13332538306713104,0.9999738931655884,1.0411614357434495,1.1847517998793877,-0.13349169492721558,0.9999902248382568,1.109361295119593,1.4415581695042405,0.23742464184761047,0.4216128885746002,1.143304113506569,1.4630208054794507,-0.057630814611911774,0.9751439690589905,1.1107818277306005,1.7097126576011188,0.3625670075416565,0.6937087774276733,1.1137145720177255,1.743665333952085,0.03649287298321724,0.9749246835708618,1.071897581668919,1.2023640383445224,0.10854172706604004,0.11496961861848831,1.1564792823796533,1.2368283430265872,-0.3948468267917633,0.997588574886322,0.004838854074478149,1.0319510783750034,1.1814222109293768,162.10400693608588,153.82490513352468,1.0,-0.024834633278312403,0.0497312052265789,0.28827758620213884,0.07393742265129864,97.89712432817089,0.9038030180698802,32,1.0666666666666667
1.202347885317961,0.724935630488907,-0.23710446059703827,0.999996542930603,1.1133484303299974,0.8264327923779407,0.10780809074640274,0.999967098236084,1.121348966476521,0.8367081694582595,-0.28160423040390015,0.9999973773956299,1.0278471330203207,1.1914796348326362,0.13309748470783234,0.9999752640724182,1.0354391736251125,1.1984300727114625,-0.13326457142829895,0.9999908804893494,1.1211299945151616,1.4511182604202786,0.24395370483398438,0.4419689476490021,1.1520271118534444,1.4738705135469061,-0.07940933108329773,0.9773871302604675,1.1198772913862742,1.724935630488907,0.37877413630485535,0.706640899181366,1.1199921090738274,1.7559732321036454,0.021043973043560982,0.9770104289054871,1.0914475143985534,1.2268069046099983,0.09883629530668259,0.10946404188871384,1.1678335148490206,1.2554034524289923,-0.3956524431705475,0.9976440072059631,0.004939466714859009,1.0316431533227166,1.1949548537720494,159.9755483134746,150.579480601981,1.0,-0.049596013174689035,0.04531973632627142,-0.18093447496405266,-0.03471907453895756,119.29159759865219,0.9049178038783579,33,1.1
1.205034309107874,0.7258622169244376,-0.2426549643278122,0.9999969005584717,1.117474157178523,0.8315523376970609,0.10424534976482391,0.9999690055847168,1.1228147258570085,0.833816917393748,-0.2844288945198059,0.9999975562095642,1.0231280168973533,1.1951133641577092,0.13291504979133606,0.999976396560669,1.033336483233355,1.201264598050435,-0.1330820769071579,0.9999914765357971,1.1221543629587631,1.4511461667700924,0.23643776774406433,0.45860937237739563,1.1538795607203995,1.4740211375653107,-0.09788715094327927,0.979487419128418,1.1205174070419859,1.7258622169244375,0.36067646741867065,0.7192413210868835,1.1181935496992217,1.759359667489609,-0.012514297850430012,0.9790340065956116,1.1137924945075168,1.2383802172389315,0.0976751521229744,0.11019477248191833,1.1696573355218938,1.2579055049835386,-0.3912048637866974,0.9976885318756104,0.0010884404182434082,1.0282322500653542,1.1981889811040722,158.51351449736785,149.0285498816148,1.0,-0.027721530521135147,0.02374664414374586,0.1701116411559883,-0.16776361656183134,106.52388740177398,0.9136507983393289,34,1.1333333333333333
1.2237693161961636,0.7476578299312736,-0.24537178874015808,0.9999971985816956,1.1333911687264662,0.8477544219070149,0.09924650937318802,0.999970555305481,1.1376579530744195,0.8498860548931935,-0.28907886147499084,0.9999976754188538,1.0358868656274558,1.2156524236958575,0.13287146389484406,0.9999771118164062,1.039027895440914,1.2221924556477342,-0.13303545117378235,0.9999918341636658,1.139918760707485,1.4646168275360136,0.24268481135368347,0.46147477626800537,1.1698248276184442,1.492828670941158,-0.11317698657512665,0.9812416434288025,1.1348285508137625,1.7476578299312735,0.37420913577079773,0.7174602746963501,1.133054158606864,1.7826582533929078,-0.016098640859127045,0.9804073572158813,1.1362762367153048,1.273146576281273,0.0679386705160141,0.10942741483449936,1.1902516367357616,1.2880073152054894,-0.399198979139328,0.9976304173469543,0.0010111331939697266,1.037457380534185,1.218922439671796,156.29167741909043,146.97530310023816,1.0,-0.03331309680245993,0.0366001472303201,-0.03946401779995374,0.09472191601582383,139.50219985263686,0.9135799435314657,35,1.1666666666666667
1.2370625106778985,0.7643482248820459,-0.24271652102470398,0.9999974370002747,1.1456562102721113,0.8727134864403615,0.0972566157579422,0.9999716281890869,1.1482017134248392,0.8712948207664183,-0.29822593927383423,0.9999977946281433,1.0439354326311756,1.234507618270196,0.13311056792736053,0.9999778270721436,1.0392035653285012,1.2421311857823334,-0.13325795531272888,0.9999921917915344,1.1562273694371756,1.47828744303244,0.2443079948425293,0.4666554927825928,1.1810629638997738,1.5029365212137846,-0.11505578458309174,0.9828434586524963,1.1460066578699497,1.764348224882046,0.3787059783935547,0.7203013300895691,1.144634050298112,1.7997581505553077,-0.01041728351265192,0.9817710518836975,1.1614378984208225,1.292456577391981,0.06593368947505951,0.1124868169426918,1.2053009449714165,1.305291181415061,-0.4037427306175232,0.9975076913833618,0.0006664395332336426,1.0415694989798383,1.2383194020262647,153.221595497925,144.46006070727495,1.0,-0.045832471717168616,0.05729452288120717,-0.09305074082430574,0.15518603955902036,163.8762393946727,0.9262191516562223,36,1.2
1.274932851821266,0.81675704602515,-0.23025020956993103,0.9999976754188538,1.1796686665990082,0.9344117776412265,0.10582462698221207,0.9999709725379944,1.1824696741043255,0.9280875860186452,-0.29572179913520813,0.9999977350234985,1.0574671826570963,1.2919668356842684,0.13317988812923431,0.9999779462814331,1.058243011155606,1.2964925454918659,-0.1333266794681549,0.999992311000824,1.1946606113008387,1.5244360817497913,0.2803879380226135,0.44817915558815,1.217771308474103,1.5473423658887449,-0.104280486702919,0.984057605266571,1.1790122968686314,1.81675704602515,0.4510742723941803,0.7018842697143555,1.1790213150907334,1.852998535976596,0.02609507367014885,0.9822534918785095,1.2229230658739954,1.3665836053558045,0.09041018038988113,0.10904380679130554,1.2476864502715954,1.3711294427895426,-0.3858669102191925,0.9966266751289368,0.002884119749069214,1.0578550969063512,1.2942296905880672,146.38851752719467,140.32041229820842,1.0,-0.11547672288785121,0.14317014485283738,-0.5238463868326648,0.6457545111883004,151.40363977669307,0.946652167439673,37,1.2333333333333334
1.3133042704795383,0.8651255659342691,-0.21917302906513214,0.9999979138374329,1.2148047387378633,0.9820256722399257,0.1204424723982811,0.9999716281890869,1.2177454778320331,0.9706523078677034,-0.28089648485183716,0.9999977350234985,1.0862132337706327,1.3436677856936723,0.13335160911083221,0.9999781847000122,1.0824735682847582,1.3476275821166894,-0.13350239396095276,0.9999924898147583,1.2415774312087453,1.571763595140463,0.28068581223487854,0.4235915541648865,1.258749126669082,1.5938855751707397,-0.11343242973089218,0.9850582480430603,1.2162447872192261,1.8651255659342691,0.4481602609157562,0.6726222038269043,1.2149063479981055,1.907337745070856,0.013186012394726276,0.9825953245162964,1.2758795854800367,1.4254710562855333,0.11471781879663467,0.11225846409797668,1.2899666178542428,1.4276103759225942,-0.3670748174190521,0.9956885576248169,0.005030453205108643,1.0843434010276956,1.3456476839051807,140.8044146856381,136.44193887675857,1.0,-0.04971028397245339,0.0872107944011891,0.5400310225632379,-0.47036895784145577,156.21186566863457,0.9568482770183618,38,1.2666666666666666
1.3363090435906977,0.896690523937948,-0.22503745555877686,0.999998152256012,1.2356632727544143,1.0120839521295921,0.11403818428516388,0.999972403049469,1.238414515011915,1.0051725055787708,-0.2834451198577881,0.9999977350234985,1.102286815770496,1.381114283299471,0.1329973042011261,0.9999790191650391,1.0917120542060035,1.3844583899991547,-0.13314419984817505,0.999992847442627,1.2737587578193346,1.6045425408021357,0.2538571059703827,0.4198369085788727,1.2861136905722343,1.6228178856541349,-0.11529900133609772,0.9862571358680725,1.2391267481337325,1.8966905239379481,0.43174082040786743,0.665835440158844,1.2372234351177716,1.9406028310409058,0.01415195595473051,0.983650267124176,1.300096290734905,1.4576169840501492,0.0901181697845459,0.11603749543428421,1.3170333343212122,1.4687717813538987,-0.35489362478256226,0.9950959086418152,0.003002464771270752,1.0969994349882497,1.382786336649313,135.73480611287292,132.0537370813515,1.0,-0.05324597884123156,0.09652853751924508,-0.019981695489304552,0.058686699834935574,127.4198397561774,0.9777363720622365,39,1.3
1.3568332385542994,0.929588072807577,-0.20172378420829773,0.9999983310699463,1.2517625625649618,1.0482634534785902,0.13340526819229126,0.9999729990959167,1.25503275276356,1.0409279603630874,-0.27971595525741577,0.9999976754188538,1.1078084221471638,1.4169806033464687,0.13469569385051727,0.9999796748161316,1.1012349468900655,1.4167424597019567,-0.13483943045139313,0.9999930262565613,1.2939945300815554,1.6342011897149258,0.23980987071990967,0.4133707582950592,1.3076282188931658,1.6481550974236034,-0.1202361136674881,0.9873303771018982,1.2579704615485803,1.929588072807577,0.3877902626991272,0.6561699509620667,1.2560203033830193,1.971284112613935,0.005035135429352522,0.984465479850769,1.3192201987057193,1.4946902606774122,0.10784746706485748,0.12055516988039017,1.3376672039413957,1.5023044473499796,-0.32994645833969116,0.9943808317184448,0.0031377077102661133,1.1045216845186148,1.4168615315242128,132.44595465531572,129.19648914097814,1.0,-0.07359200953075783,0.09578552634852604,-0.14961590978320954,-0.017246701482099953,109.25181051695942,0.9888056119271224,40,1.3333333333333333
1.371488762361318,0.9548948781154766,-0.2124481499195099,0.9999985098838806,1.2610570165238777,1.0694035442418164,0.12293875217437744,0.9999723434448242,1.2672858190698357,1.0707718020429096,-0.28116896748542786,0.999997615814209,1.1096639870795395,1.4392403701206455,0.13334578275680542,0.9999803900718689,1.1033396377741258,1.4440822991131146,-0.13348032534122467,0.9999933242797852,1.3068550110714368,1.6559154585348923,0.24017560482025146,0.42692598700523376,1.322567834320932,1.6679738121492886,-0.09931091219186783,0.9884449243545532,1.2731478066765396,1.9548948781154767,0.3930756449699402,0.6714972257614136,1.2716093275637663,1.9943007591983324,0.04905040189623833,0.9857428073883057,1.3350141571386687,1.5229558317299576,0.1072714775800705,0.12231745570898056,1.3556588855172127,1.5368210415541672,-0.3236435055732727,0.994264543056488,0.0005782842636108398,1.1065018124268327,1.44166133461688,131.26297546132588,126.72744500112272,1.0,-0.0807804630766005,0.05481293023045334,-0.04484354183363057,-0.29985579154439945,149.69949165199168,0.9929465214935355,41,1.3666666666666667
1.3795831550541064,0.983317272452288,-0.19646412134170532,0.9999986290931702,1.2667633766835664,1.10639937252369,0.14759868383407593,0.9999690055847168,1.2780480505518697,1.1026245008330238,-0.25978758931159973,0.9999971985816956,1.1097399549477487,1.46906785575434,0.13307668268680573,0.9999793767929077,1.1081074295702846,1.4706041656250453,-0.13324064016342163,0.9999927878379822,1.320161485139483,1.6776954553115346,0.22580556571483612,0.4300094246864319,1.3372700144480172,1.6862882346979364,-0.08321203291416168,0.989181637763977,1.2853801143730632,1.9833172724522878,0.3678826689720154,0.6794383525848389,1.2863364209072516,2.0166024171988535,0.07414080947637558,0.9864873886108398,1.351603058041202,1.5715906491650968,0.17406275868415833,0.13125404715538025,1.3728614784136695,1.5850867818937109,-0.2919235825538635,0.9937881827354431,0.0015773177146911621,1.1089236922590167,1.4698360106896926,128.26209355494777,124.49869059728329,1.0,-0.0790971457227493,0.0894755176034495,0.020088811958180998,0.2618987519816129,156.6718705252996,0.9961783082458783,42,1.4
1.3911620746919549,1.0117886078280975,-0.2076033353805542,0.9999987483024597,1.272071264125327,1.1411037263501111,0.1359756588935852,0.999968409538269,1.291018811968435,1.1420736183163296,-0.26454970240592957,0.9999969601631165,1.114981683757341,1.505233408560371,0.13226240873336792,0.9999791383743286,1.1193752813417412,1.5073109423289763,-0.13243535161018372,0.9999926090240479,1.338415752446181,1.701312776196018,0.23003938794136047,0.442811518907547,1.3561576998323996,1.7079312796163957,-0.07817508280277252,0.9901346564292908,1.3038014758621628,2.0117886078280973,0.39624708890914917,0.6983548402786255,1.3048182490751443,2.042903141463149,0.08979319781064987,0.9876508712768555,1.375096421267938,1.6174642194077076,0.15126238763332367,0.1549070030450821,1.393779466274369,1.632315156576853,-0.27991586923599243,0.9937565922737122,0.00039952993392944336,1.117178482549541,1.5062721754446737,124.90775341924015,121.56021515834504,1.0,-0.05713684762675211,0.11427369525350423,0.17212853733366812,0.1752408509855103,91.97144847773,1.0210520146092754,43,1.4333333333333333
1.411292338062738,1.0509409099016649,-0.2101772576570511,0.9999988675117493,1.2909970261689885,1.1752827637919534,0.13140416145324707,0.9999688267707825,1.3109199420682847,1.1814888462672548,-0.2713022828102112,0.9999967813491821,1.135007684977781,1.5496296256872886,0.1321636140346527,0.9999793171882629,1.1381784359220395,1.5553065967216526,-0.13232752680778503,0.9999926686286926,1.3603594114015902,1.7380930891674005,0.24413113296031952,0.4707810580730438,1.3816538184541622,1.7433159025190155,-0.07793166488409042,0.9910875558853149,1.3321556575192774,2.050940909901665,0.41597336530685425,0.7235260605812073,1.3331084720587691,2.0829578438331797,0.0865202322602272,0.988842785358429,1.405187228796199,1.6640087650067366,0.13417793810367584,0.187697172164917,1.4227552365807457,1.6824185611524725,-0.293174684047699,0.9940674304962158,0.002502143383026123,1.1365930604499104,1.5524681112044707,124.75462617803785,119.54072159441642,1.0,-0.03891749143904848,0.10820295421580048,0.15618577303871267,-0.0686421333096474,128.19402816418443,1.0386180065433954,44,1.4666666666666666
1.4118557832814989,1.056095541754328,-0.21063446998596191,0.999998927116394,1.2972698783571113,1.1813460226070727,0.12853682041168213,0.9999669194221497,1.3151653694902838,1.1887031567877873,-0.2775059640407562,0.9999964237213135,1.1366558234103774,1.5580503034189908,0.13233338296413422,0.9999787211418152,1.1391488893435047,1.565431553512208,-0.13248789310455322,0.9999924302101135,1.3654462308275712,1.7384337672045702,0.239364892244339,0.4828239679336548,1.3833758552522861,1.7487001708668053,-0.0998796671628952,0.9919275045394897,1.3428866480135648,2.056095541754328,0.39679965376853943,0.7432517409324646,1.3373925237257913,2.0888332268894056,0.07471349835395813,0.9898812770843506,1.4101244833722268,1.6872644014478748,0.13509008288383484,0.2019997090101242,1.427441934633411,1.6960880057171779,-0.300338476896286,0.9941580295562744,0.0029548704624176025,1.137902356376941,1.5617409284655994,124.19084491452494,119.18540605622566,1.0,-0.021204419156675383,0.02296486859658438,0.12393217328371121,-0.5942738779809547,138.24549189216756,1.04693107087258,45,1.5
1.4251104107799208,1.0866752248174,-0.17339500784873962,0.9999982118606567,1.3162469016680851,1.221959704883343,0.12698990106582642,0.9999648332595825,1.3275229026326685,1.2223539711788094,-0.28067418932914734,0.9999957084655762,1.156122287269498,1.5986344974937652,0.1323503851890564,0.9999788403511047,1.1550738270615424,1.6020568526416332,-0.13249635696411133,0.9999923706054688,1.3879623341801723,1.7661773827219942,0.23203833401203156,0.47987043857574463,1.4027972164060338,1.778065111189205,-0.10809598118066788,0.9926627278327942,1.3655429360672349,2.0866752248174003,0.3829375207424164,0.7578569650650024,1.3574228757573898,2.1235538697723415,0.044808074831962585,0.9908058643341064,1.4347011816749975,1.736721836039379,0.13029144704341888,0.20665128529071808,1.450483449527616,1.739985187293839,-0.3005013167858124,0.9937831163406372,0.0001557767391204834,1.1555980571655202,1.6003456750676992,121.85293003840202,117.91186681000669,1.0,-0.008252786660280535,0.09562628481073472,0.09936441087650277,0.5399392254571113,174.0024122657376,1.0640863606307134,46,1.5333333333333334
1.4332409217385247,1.1221415101968601,-0.2441156655550003,0.9999983310699463,1.3392187862281506,1.2578604201809491,0.09968455880880356,0.9999596476554871,1.3334331769338572,1.2565115341608588,-0.28797319531440735,0.9999951124191284,1.1767906901162049,1.6417094492914455,0.12772658467292786,0.999976634979248,1.1643630006418737,1.6448773864832735,-0.12781141698360443,0.9999915957450867,1.408707630470446,1.797151818076776,0.22648659348487854,0.4821929633617401,1.4202012042918222,1.8086476936205003,-0.10663707554340363,0.9932365417480469,1.3904836670549416,2.1221415101968604,0.384064257144928,0.769919216632843,1.3800602406772957,2.1581297063508664,0.06949054449796677,0.9915302991867065,1.4437111498039163,1.7635853407293298,0.12059532105922699,0.20505951344966888,1.473027113215124,1.7912600226581548,-0.3097527325153351,0.9934990406036377,0.0005239546298980713,1.1705768453790393,1.6432934178873595,120.62244798056828,116.07242969168315,1.0,-0.03951439709174898,0.12560575380075617,-0.2527355456811023,0.2301375146423911,127.23664065131251,1.0782540139475298,47,1.5666666666666667
1.4453297144092125,1.163382194855794,-0.21053056418895721,0.9999964237213135,1.3612627597257283,1.2911812651242451,0.09809187054634094,0.9999583959579468,1.334683966024733,1.289733075154499,-0.3102765679359436,0.9999945759773254,1.1977493590619739,1.6855048389765384,0.1280876100063324,0.9999757409095764,1.175176955818829,1.6889194740382958,-0.12817856669425964,0.9999911189079285,1.4351724457169202,1.841129470888731,0.18487830460071564,0.4921765625476837,1.4432837482762622,1.8530423014405741,-0.10905637592077255,0.993832528591156,1.4169202947392256,2.163382194855794,0.34957027435302734,0.781170666217804,1.4045505114211607,2.1997263600443753,0.07356500625610352,0.9922606945037842,1.471607313371076,1.8085499271721754,0.10573369264602661,0.20981085300445557,1.4932543950817996,1.827920376996979,-0.3630847632884979,0.9938310384750366,0.0005519688129425049,1.1864631574404014,1.6872121565074172,120.00206842358276,115.09815212850627,1.0,-0.04733090826262601,0.09080927097315504,-0.05136274003287824,-0.2706076416883284,121.12440861521904,1.0763816390118552,48,1.6
1.4401163903831076,1.2169709497284542,-0.25931987166404724,0.9999966621398926,1.3392275356238956,1.3449621754476604,0.07895834743976593,0.999953031539917,1.3207134316017122,1.3380356216133846,-0.3033248782157898,0.999993622303009,1.2176047420961527,1.750047023950465,0.1204008236527443,0.9999703764915466,1.1940147739683418,1.7543595345954142,-0.1204891949892044,0.9999892711639404,1.4615183134765077,1.8936779071191099,0.1633693426847458,0.48458704352378845,1.4688166547982406,1.8987131732802747,-0.11995331197977066,0.9939152002334595,1.4582608689385448,2.216970949728454,0.32858726382255554,0.7775976657867432,1.438466688505745,2.253123299160327,0.06898169964551926,0.992496132850647,1.4561140624473257,1.8640324392790477,0.1083594560623169,0.20074786245822906,1.499201373571795,1.8773929265248472,-0.34817060828208923,0.9932535290718079,0.0025779306888580322,1.2058097580322473,1.7522032792729396,119.91483569907673,112.81838865511294,1.0,-0.07292502871850877,0.19252774660673952,-0.1932832221441996,0.7866838631410465,117.07178690867687,1.0812920143357718,49,1.6333333333333333
1.4081807172465353,1.2172889404650042,-0.23190903663635254,0.9999960064888,1.306318120370631,1.3558026010236137,0.09053771197795868,0.9999486804008484,1.2862301319586151,1.3494709429894745,-0.3001493215560913,0.9999927282333374,1.2026621031192313,1.7687483838014015,0.12166924774646759,0.9999698400497437,1.1847347802097923,1.7763045122984713,-0.12176339328289032,0.9999889731407166,1.4536752676168847,1.8972259311224162,0.1827974021434784,0.4884401261806488,1.4652797335736616,1.8986817900183575,-0.11528680473566055,0.9942741394042969,1.4584579353110911,2.2172889404650045,0.35274559259414673,0.7791672348976135,1.43941303507375,2.2514068928789968,0.07908736169338226,0.9928876161575317,1.4243532645291452,1.8582992278091133,0.10874292999505997,0.18996986746788025,1.4700164756245246,1.878884637344237,-0.35841161012649536,0.9926958084106445,0.0023584365844726562,1.1936984416645118,1.7725264480499363,117.96109727482738,109.37322849456555,1.0,-0.08131513940330971,0.15883912754035928,-0.06171708280934948,-0.24493304237453434,126.94579792981136,1.1280385170726852,50,1.6666666666666667
1.380322069450746,1.2183557037669286,-0.1880568563938141,0.9999958276748657,1.2784831503652065,1.3593196668163001,0.10848991572856903,0.9999451041221619,1.2709969096613618,1.3650188870065767,-0.2853884994983673,0.9999918341636658,1.2000320276416028,1.7799354603728903,0.12189749628305435,0.9999704957008362,1.192965498195017,1.7921646628140477,-0.12198148667812347,0.9999891519546509,1.4535792453184233,1.8994832435452755,0.18693920969963074,0.49896401166915894,1.465270216586726,1.9041852285052747,-0.11734430491924286,0.9947112798690796,1.4624709654273076,2.2183557037669286,0.3439474105834961,0.7806574106216431,1.4516585490949103,2.2564944182572635,0.04206109419465065,0.9933577179908752,1.4128321304123226,1.8554809206190814,0.10925048589706421,0.17738838493824005,1.4409351429832922,1.8767190800545095,-0.3500756323337555,0.9904986619949341,0.0021181106567382812,1.19649876291831,1.786050061593469,116.84119948334741,110.14870421655263,1.0,0.0009316528412465266,0.0732280978685946,0.6323382192590887,-0.6594808652788591,160.54405657830185,1.1449119230027285,51,1.7
1.3551291334916407,1.198532901727114,-0.24077539145946503,0.9999960064888,1.2643294124144597,1.3518725331975059,0.09301824867725372,0.99994295835495,1.2452630089425618,1.358688855242425,-0.3166353106498718,0.9999912977218628,1.1991361118296302,1.7753290579746523,0.12972484529018402,0.9999718070030212,1.1819508491511044,1.7927827244074466,-0.12981095910072327,0.9999895095825195,1.4478993036586632,1.8543965101605946,0.19032014906406403,0.5099568963050842,1.4566384277398112,1.8936222463375019,-0.16745950281620026,0.9951183199882507,1.4551446886185235,2.198532901727114,0.3425966501235962,0.7815538644790649,1.4519196934051768,2.245953931125346,-0.025711480528116226,0.9937430024147034,1.3961865277596763,1.8375988885865833,0.05920594930648804,0.1661854237318039,1.4002239970195451,1.8636052410482,-0.42676955461502075,0.9887312650680542,0.002545297145843506,1.1905434804903672,1.7840558911910493,108.83857192345516,109.39119141544987,1.0,-0.0023678713513697776,0.04972714779663935,-0.025452126815979446,-0.17885508863647487,144.1962152742447,1.190123798405079,52,1.7333333333333334
1.3287281171841419,1.1843785258876212,-0.2389855831861496,0.9999963641166687,1.2239843737975984,1.3297856355526727,0.08995433151721954,0.9999449849128723,1.2162092734444205,1.337363908968692,-0.3075923025608063,0.9999913573265076,1.1880949135825818,1.7616831186272222,0.1293495148420334,0.9999734163284302,1.1738704585218764,1.7838868790133933,-0.12945052981376648,0.9999899864196777,1.4396945588656929,1.8400392797070237,0.15992610156536102,0.5327702164649963,1.4490864009167168,1.879676940435139,-0.15034684538841248,0.995423436164856,1.4477380451634123,2.184378525887621,0.3147652745246887,0.782220721244812,1.444994050765007,2.231286010563125,0.014062660746276379,0.9938970804214478,1.3524936410063895,1.807842962409625,0.04977596551179886,0.16147808730602264,1.3513558369222582,1.847179789705372,-0.3955414891242981,0.9866416454315186,0.002846837043762207,1.1809826860522292,1.7727849988203077,108.6363955643689,108.5238349976654,1.0,-0.018459362102184212,-0.004577538292439058,-0.12165104496979756,-0.40793518407969037,152.10525069119032,1.1904751345892701,53,1.7666666666666666
1.3118527326192249,1.1785761777867099,-0.26221612095832825,0.9999966621398926,1.2097593668280524,1.3217960497442431,0.06421773135662079,0.9999479651451111,1.1917096203659574,1.332332220639553,-0.33149927854537964,0.9999920129776001,1.1901847316815635,1.7567118638748782,0.12974399328231812,0.9999751448631287,1.1724079943410637,1.7829429289686531,-0.12985233962535858,0.999990701675415,1.4369298210439077,1.8287759697450419,0.1515907645225525,0.5407911539077759,1.4420617585464535,1.8713712570607925,-0.17849156260490417,0.9955906867980957,1.4519587156319556,2.17857617778671,0.3055418133735657,0.773865818977356,1.442329616552547,2.228449595066848,-0.011007985100150108,0.993583619594574,1.3199277005277754,1.798173905780233,0.022771475836634636,0.15007908642292023,1.3235188997597678,1.8415469322888245,-0.46362513303756714,0.9865299463272095,0.003962278366088867,1.1812963630113136,1.7698273964217657,108.74107103061137,108.19899656091616,1.0,0.011783884664145266,-0.007710323458347398,0.22390429439652468,-0.023245395426161726,148.45161157935894,1.1903112517857934,54,1.8
1.2836802338947109,1.1800112232145705,-0.25056490302085876,0.9999969601631165,1.1917341992480732,1.3210492230137139,0.07656344026327133,0.9999509453773499,1.17437280333022,1.3350169212885215,-0.3189185857772827,0.9999926090240479,1.1901350418934962,1.7682609268877538,0.12988987565040588,0.9999765753746033,1.1732194649315795,1.7969488214117484,-0.13000892102718353,0.999991238117218,1.4359612800683863,1.829926097178696,0.1671207696199417,0.5402995944023132,1.4415030794032118,1.857532285780422,-0.1646941900253296,0.9956932663917542,1.4593564627169222,2.1800112232145703,0.32629042863845825,0.767599880695343,1.441555118057143,2.2219784937570273,-0.00616106204688549,0.9931861162185669,1.3140672380658946,1.7873949687823605,0.0563800223171711,0.14222900569438934,1.3046879846397124,1.841736491804626,-0.41492828726768494,0.9861226677894592,0.0052475035190582275,1.181677253412538,1.782604874149751,107.90522369150821,102.73320607147713,1.0,-0.006121825537527663,0.08412553599911243,-0.13694424405308536,0.7019645017126456,149.67950821030243,1.2289993740611866,55,1.8333333333333333
1.2818160253242372,1.1802532122146097,-0.21920457482337952,0.9999971389770508,1.1785673952588402,1.3203765684299864,0.07566086947917938,0.9999539256095886,1.1721764173080276,1.3322176032400193,-0.3138732612133026,0.9999931454658508,1.1875013045201115,1.7716656882600492,0.12957875430583954,0.9999781847000122,1.175669317028267,1.798401624580897,-0.12970931828022003,0.999991774559021,1.4344011893572746,1.8336879114892926,0.17510339617729187,0.5525603294372559,1.4428121794997453,1.8516941381076295,-0.14868822693824768,0.9957908391952515,1.4596082876291654,2.18025321221461,0.33294206857681274,0.7634186148643494,1.4398846578038398,2.22158691706998,0.00025542028015479445,0.9928964376449585,1.299080768663328,1.7882960876142293,0.0663319081068039,0.13480621576309204,1.3049733504893766,1.8410721103798215,-0.4044339060783386,0.9853761196136475,0.004446566104888916,1.1815853107741894,1.785033656420473,108.26117652961712,100.82841188310698,1.0,-0.004730371290325225,0.012559531495419485,0.010694875232397153,-0.5492784927529648,154.99411308405945,1.23882450866805,56,1.8666666666666667
1.2659017088849729,1.1781620318703776,-0.22297227382659912,0.9999970197677612,1.1479922534248068,1.3176121994683645,0.03950325399637222,0.9999566078186035,1.154581441124641,1.3307192144005424,-0.3403485417366028,0.9999935626983643,1.1700589714974399,1.7662145452455098,0.1291286200284958,0.9999797344207764,1.1727098542858898,1.790165179659888,-0.12925545871257782,0.9999923706054688,1.4101232752075896,1.8397194740733547,0.21000099182128906,0.5341381430625916,1.4406833161209243,1.850761634233995,-0.13851086795330048,0.9954492449760437,1.4578174401018076,2.178162031870378,0.3785853981971741,0.7436318397521973,1.4369920770058733,2.219703655836394,0.007870247587561607,0.9919589757919312,1.260547850166805,1.7909079628370543,0.040771663188934326,0.12341591715812683,1.2849697015348447,1.842695839882969,-0.42410150170326233,0.9807663559913635,0.004926502704620361,1.1713844128916648,1.7781898624526988,115.04542773393631,102.16869372888112,1.0,-0.0687872214050503,-0.0392571405423422,-0.48352017392467483,-0.3910138533624968,176.5002517573598,1.207117015994964,57,1.9
1.2421749624811216,1.1809432964525906,-0.22232763469219208,0.9999972581863403,1.1203731078383448,1.324911900820102,0.05769016221165657,0.9999597072601318,1.1373016479756934,1.3334574181745855,-0.32837098836898804,0.9999940395355225,1.1631910222423267,1.7782229041689652,0.12920334935188293,0.9999811053276062,1.1733079548904284,1.7854315091328452,-0.12934036552906036,0.999992847442627,1.4129655600329019,1.8442529579721947,0.21078220009803772,0.5472345352172852,1.4418348737935036,1.8426905040678363,-0.12667356431484222,0.9955676198005676,1.4571282379561308,2.1809432964525906,0.3761962056159973,0.7457692623138428,1.439025597217116,2.21767325537612,0.015199758112430573,0.9919384121894836,1.233718424584596,1.8089687169796598,0.049193598330020905,0.11794938147068024,1.2691885549260202,1.8433915543426576,-0.4123115539550781,0.9809848070144653,0.003211379051208496,1.1682494885663777,1.781827206650905,112.28054288824467,101.6078787195799,1.0,-0.02596673641602039,0.0255592225190637,0.33148226551280896,0.5016624581440047,130.86688028030414,1.2045892651866652,58,1.9333333333333333
1.2274552258926599,1.187931796989095,-0.20755231380462646,0.9999973177909851,1.1141447268190536,1.3326970417533135,0.055503737181425095,0.999962329864502,1.1217051245975542,1.3412875349779378,-0.31945836544036865,0.9999945163726807,1.1721117807898338,1.7782838091160265,0.1261298656463623,0.9999825358390808,1.1784359526541148,1.7912465594867788,-0.1262815296649933,0.9999933242797852,1.4199965965799208,1.848290203058798,0.20555226504802704,0.5579034090042114,1.4469276894158807,1.8425581690077313,-0.12437804788351059,0.995387852191925,1.4516274004433993,2.187931796989095,0.36835020780563354,0.7503002882003784,1.444352928138591,2.2204942055540027,0.01800265908241272,0.9915424585342407,1.2313744892582636,1.8190184036877863,0.05811905115842819,0.1122601106762886,1.255676881620728,1.850586994496054,-0.3930324912071228,0.9816991686820984,0.00321805477142334,1.1752738667219742,1.7847651843014027,111.09108260462168,100.42903624976638,1.0,0.025535563116314206,-0.021003308885898273,0.3977184088320981,-0.3596228613490371,161.4055837129077,1.1974701736597548,59,1.9666666666666666
1.2089630539805014,1.185031545674957,-0.2124742716550827,0.9999974370002747,1.1032612850743138,1.3278435149699548,0.04770612344145775,0.9999642968177795,1.1023928253268553,1.3372139725559098,-0.3189476728439331,0.9999949336051941,1.1729567874785554,1.7722094944983127,0.12358971685171127,0.9999837279319763,1.1767550186914544,1.7860564218585102,-0.12374518066644669,0.9999937415122986,1.4190865683439078,1.836166366687221,0.19101789593696594,0.5607820749282837,1.4452527786305711,1.83129365570267,-0.12510570883750916,0.9946978092193604,1.437929421747442,2.1850315456749567,0.3150101602077484,0.7522855997085571,1.44682186524258,2.2094630594187947,-0.0025207549333572388,0.9905098676681519,1.2147004139374968,1.809692753882763,0.04403965547680855,0.10479216277599335,1.239819534397921,1.8473500386595185,-0.40382614731788635,0.9826812148094177,0.00351753830909729,1.174855903085005,1.7791329581784114,107.65782326610672,99.80126064253982,1.0,0.015174168556308187,-0.01445368817988348,-0.07734536990740187,0.048815630894802405,173.5747681435402,1.1988487238238812,60,2.0
1.1630351025278853,1.1758233799742641,-0.1557319462299347,0.9999973773956299,1.05489260049464,1.3124398804230155,0.08824758231639862,0.9999632239341736,1.0697463285721536,1.3235739121842185,-0.2577470541000366,0.9999952912330627,1.1441787439955045,1.7513409522893866,0.12077049911022186,0.9999844431877136,1.161438197742528,1.7659796912671695,-0.12098164856433868,0.9999940991401672,1.3845232041340747,1.8307716089966457,0.20320293307304382,0.5576367974281311,1.430365761104615,1.803669000676937,-0.11745532602071762,0.9940367937088013,1.386792804078399,2.238554481474098,0.30407124757766724,0.7624397277832031,1.439711542283258,2.1758233799742643,-0.015056386590003967,0.9902815222740173,1.187486597546532,1.7900426035030734,0.07021759450435638,0.09643241763114929,1.213001648433046,1.82718552483183,-0.33974865078926086,0.984205961227417,0.00422435998916626,1.1528084708690163,1.758660321778278,108.60692381453039,99.41639997934784,1.0,-0.07487414748786948,-0.012529120616415977,-0.7019653052247534,0.01383262158268953,141.80203647123108,1.1239019772845773,61,2.033333333333333
1.1548207998152422,1.1849238321066606,-0.18456092476844788,0.9999974370002747,1.0624399760769767,1.3283904432153435,0.04728557541966438,0.9999650120735168,1.0618435602782652,1.3337398487399115,-0.2797890305519104,0.9999956488609314,1.1533795538452576,1.7617455618752937,0.1151132807135582,0.9999852776527405,1.169150981639862,1.7757037149211519,-0.11530055105686188,0.9999944567680359,1.3937639693565893,1.8400873773646689,0.20793361961841583,0.5534403920173645,1.4389276466069625,1.8153995887054686,-0.1274423897266388,0.9933711886405945,1.4034635903013908,2.240896024239805,0.31909888982772827,0.7558500170707703,1.4509259896680804,2.1849238321066604,-0.031821370124816895,0.9891231656074524,1.2033734403066902,1.7971109795754066,0.028161054477095604,0.09009820222854614,1.2217711209716344,1.838410046847805,-0.36405879259109497,0.985245406627655,0.002017080783843994,1.16126526774256,1.768724638398223,109.43719895617178,100.23035678277965,1.0,0.00940285740968677,-0.006296366324913487,0.6165717220958591,0.04591506769697499,143.36127210890763,1.1277324223990628,62,2.066666666666667
1.1450743750519201,1.1937811337449706,-0.22551043331623077,0.999997615814209,1.0590906310293333,1.334286455803858,0.04251634329557419,0.999965250492096,1.0542721232623955,1.3401291245827445,-0.2862792909145355,0.9999959468841553,1.1597016762107184,1.763750619173884,0.11434216797351837,0.9999852776527405,1.1728591460442654,1.781551089789675,-0.11452988535165787,0.9999945163726807,1.4014437433069118,1.8334135624529941,0.17278125882148743,0.5359798073768616,1.4445821223920015,1.8199225341367828,-0.14337612688541412,0.9917536377906799,1.4310979175842369,2.199136477071782,0.2819949984550476,0.745944082736969,1.4554878344381996,2.1937811337449706,-0.03939700871706009,0.9868594408035278,1.2030922870789647,1.7984197547869094,0.006497491151094437,0.08402489125728607,1.2280653758757398,1.8452623468409972,-0.4039113521575928,0.9863086342811584,0.0021945834159851074,1.166280411127492,1.7726508544817796,110.71103685296916,99.70877595034156,1.0,0.004040885573094098,-0.02255716215358633,-0.04175153778710749,-0.12557471839997822,156.71448410419035,1.1440733869582416,63,2.1
1.148061454838225,1.2112697058298567,-0.24260464310646057,0.9999977350234985,1.0683200174121399,1.3504523817778618,0.0303935743868351,0.9999651312828064,1.058196723153395,1.356612279410915,-0.2924420237541199,0.9999961853027344,1.183711559426632,1.7778804507638357,0.1133352741599083,0.9999850392341614,1.1890262106637801,1.7960492355223063,-0.11351599544286728,0.9999944567680359,1.4191415725114187,1.8546731564126369,0.17878907918930054,0.518986701965332,1.4614945805356416,1.8385467026723012,-0.14766333997249603,0.9902161955833435,1.459604573640126,2.2112697058298565,0.29206520318984985,0.7395730018615723,1.4740406950987908,2.2183851203248213,-0.04081730172038078,0.9846038222312927,1.2245752741192166,1.8045996106666051,-0.005046440288424492,0.07901553809642792,1.2449800453794266,1.8653648973312942,-0.4282070994377136,0.9873402714729309,0.002287447452545166,1.186368885045206,1.7869648431430711,114.5389837174609,100.7569157514394,1.0,0.050692938223116386,-0.045966288463843354,0.3534904306925592,-0.17558518176066168,178.80280505622378,1.1277961251818733,64,2.1333333333333333
1.1459289832780393,1.217833107343428,-0.2347722053527832,0.9999977350234985,1.0734241040606785,1.360699434718317,0.03148302063345909,0.999965488910675,1.0638753440328812,1.3647972988471768,-0.2928428053855896,0.9999963641166687,1.1952694125974752,1.7890887421489103,0.11296214908361435,0.99998539686203,1.1968115231267311,1.8053378847926402,-0.11314501613378525,0.9999945759773254,1.4300964277441297,1.8632176310248763,0.1698642075061798,0.5113920569419861,1.4708962478568113,1.849378455069039,-0.14847838878631592,0.9892531633377075,1.4661698442559634,2.217833107343428,0.2806454002857208,0.7382553219795227,1.4842320753174763,2.2313141563371994,-0.04605232551693916,0.9838365316390991,1.2413977645253034,1.8168006937033947,-0.005215654615312815,0.07626514136791229,1.2557541003679484,1.8759215267419234,-0.4255295693874359,0.9878520965576172,0.0015120506286621094,1.1960404678621033,1.7972133134707753,113.32803354661925,101.12814236815603,1.0,0.015857062078556677,-0.008985576313600406,-0.2675697864824048,0.28366201435813926,169.54420658572664,1.139251676289782,65,2.1666666666666665
1.1486500634322383,1.2211508105518571,-0.24059438705444336,0.9999977946281433,1.0789599284580293,1.3656745371909988,0.03283253684639931,0.9999653697013855,1.067667401793476,1.3690591025099978,-0.29307934641838074,0.999996542930603,1.201621654735442,1.794352812897262,0.1130606085062027,0.99998539686203,1.200962050212921,1.8089039803810603,-0.11324767023324966,0.9999945163726807,1.4357660261209872,1.8676664780230146,0.1689911037683487,0.5076194405555725,1.4757803591489902,1.8550502044936086,-0.14593441784381866,0.9885983467102051,1.4715044363671252,2.2211508105518574,0.28521639108657837,0.7381730675697327,1.4905639278331069,2.237546925918795,-0.03351747244596481,0.9831475019454956,1.2474338628969053,1.8235149498473673,-0.002778048161417246,0.07490088045597076,1.259494577629456,1.8807870978114094,-0.43312686681747437,0.9886505603790283,0.0012447834014892578,1.2012918524741814,1.801628396639161,113.15919199067633,101.74531179960043,1.0,0.010357492325415149,-0.01129970880233791,-0.0429045878998196,-0.017657843005738527,161.43664858023396,1.1404457400875596,66,2.2
1.147904913509085,1.221720419017298,-0.2605285048484802,0.9999979138374329,1.0872574852086168,1.3658706466693522,0.01773267798125744,0.999965488910675,1.0693486569534258,1.371672709062686,-0.29976004362106323,0.9999967217445374,1.208873435317821,1.791723020199052,0.11072349548339844,0.9999852180480957,1.2024852961876795,1.8091639114248963,-0.1109025701880455,0.9999943971633911,1.4389043381354651,1.8675374138804508,0.15424272418022156,0.5081233978271484,1.476786723205071,1.8571409574554345,-0.14921019971370697,0.9879938960075378,1.4722991981743725,2.221720419017298,0.2725503444671631,0.7387048006057739,1.4915247530661186,2.2390567116002975,-0.035112056881189346,0.9825299978256226,1.25274299805333,1.8258249346299025,-0.021778279915452003,0.07396585494279861,1.2611435664212733,1.8804833203274245,-0.437429279088974,0.9893692135810852,0.0021325349807739258,1.2056793657527503,1.8004434658119741,113.6276923563342,102.13096871604586,1.0,0.027931642847109146,-0.018012262897508735,0.13552228286968804,-0.05172740325187641,143.94513756554275,1.1380749132841748,67,2.2333333333333334
1.1427806593611047,1.2132446850776477,-0.2676345109939575,0.9999980330467224,1.0853947115965408,1.3597946772285723,0.016824014484882355,0.9999648928642273,1.0679066160277475,1.367025355420998,-0.30103063583374023,0.9999968409538269,1.2120380915958042,1.7801524012679972,0.1100199967622757,0.9999846816062927,1.2033317549047031,1.8014140287205103,-0.11018971353769302,0.9999942779541016,1.433819211565209,1.8604064529091,0.16220465302467346,0.5015645027160645,1.470783835168122,1.8511306544836956,-0.1474267840385437,0.9874934554100037,1.4632433930487554,2.2132446850776475,0.28294384479522705,0.7382199764251709,1.4848737332464228,2.230480673508821,-0.030748557299375534,0.9818950891494751,1.249716480409935,1.8155822560504098,-0.01596999540925026,0.07073944807052612,1.2583316483123195,1.8725639602752797,-0.42878660559654236,0.9899395704269409,0.0026685595512390137,1.2076849232502538,1.7907832149942537,114.66026781493012,102.65762154413653,1.0,0.05158191487876922,-0.016919414796020528,0.17642021396005936,0.007564684152178979,140.96533779781066,1.1468842344215382,68,2.2666666666666666
1.1359177828644682,1.1942167770361132,-0.26495128870010376,0.999998152256012,1.0728888867549862,1.3476978057745808,0.016916828230023384,0.9999632835388184,1.0606655455675573,1.354713437545137,-0.30353137850761414,0.9999969005584717,1.2024236866395954,1.764031603631849,0.11016516387462616,0.9999844431877136,1.1990127766087992,1.7833671623589173,-0.11033429950475693,0.9999942779541016,1.415393627019689,1.8593781620936465,0.1946200430393219,0.4967513382434845,1.4585489808680956,1.8368068600702667,-0.1471104919910431,0.9873204827308655,1.4469791740436349,2.194216777036113,0.30557748675346375,0.7426860928535461,1.4710468753063317,2.2105531355765717,-0.0379084087908268,0.9820035696029663,1.233763648141324,1.7985216055643645,-0.013243651017546654,0.06574884802103043,1.248444204913871,1.8555581029018542,-0.4240359365940094,0.9901074171066284,0.0026128292083740234,1.2007182316241973,1.773699382995383,119.50684633519855,103.55008615298769,1.0,0.03046750726442566,-0.006812721282662556,-0.1589545481188626,0.07662686685428576,152.71301122506767,1.1650473147293923,69,2.3
1.131108693441094,1.1815200291307943,-0.2609861493110657,0.9999982118606567,1.0666984015677443,1.339706397029219,0.023338189348578453,0.9999608397483826,1.0560106954993034,1.3460995534873972,-0.30340468883514404,0.9999970197677612,1.1948509142220096,1.7529921449758008,0.11079579591751099,0.9999842047691345,1.1918721489583028,1.771914278550417,-0.11096503585577011,0.9999943375587463,1.4101553326920084,1.8473685386626761,0.1920645833015442,0.4838367700576782,1.450508703413254,1.8257054130140185,-0.15049049258232117,0.9871141910552979,1.437985133847618,2.181520029130794,0.2988158166408539,0.7416746616363525,1.4617999875785377,2.197910633702131,-0.05228151008486748,0.9820654988288879,1.21650465617957,1.785788145360373,-0.008012397214770317,0.06075388193130493,1.2408560502819521,1.8439280639878668,-0.42266321182250977,0.9907551407814026,0.002395927906036377,1.1933615315901562,1.7624532117631089,118.4306197254421,103.48646687934801,1.0,0.0009630714624635814,-0.0015213871931891803,-0.22779504235250436,0.04078753662158411,153.82605940660807,1.1723611977526123,70,2.3333333333333335
1.130157534627703,1.1751454489564883,-0.2645731568336487,0.9999982714653015,1.0607100670700456,1.3354342494938476,0.02063893713057041,0.9999577403068542,1.054553088571871,1.341992709756982,-0.3063157796859741,0.9999971389770508,1.191488649995569,1.7467849356115197,0.11097981780767441,0.9999841451644897,1.1892524797939341,1.766162752226064,-0.1111421138048172,0.9999944567680359,1.4057949394432332,1.8410389032263281,0.18965749442577362,0.46954360604286194,1.4458305583664124,1.8207967712780975,-0.15247806906700134,0.9866328835487366,1.4333639352537135,2.175145448956488,0.2988104224205017,0.7412854433059692,1.4569235034955468,2.1935137351152516,-0.05662985518574715,0.9818777441978455,1.2102217178092871,1.7770175826025942,-0.015838857740163803,0.055717457085847855,1.2372158773395132,1.8384866998959872,-0.43162959814071655,0.9912331104278564,0.00246584415435791,1.1903705648947516,1.7564738439187917,118.45746304774514,103.72540700453305,1.0,0.006494211322562805,-0.002145183106412144,0.04158082983907937,-0.00472373277532095,155.78052175313056,1.1736456198427594,71,2.3666666666666667
1.13074781487604,1.1738379848896667,-0.2601519227027893,0.9999983310699463,1.0592738266496444,1.334080091784593,0.02094857022166252,0.9999567270278931,1.0552021685726012,1.3414959244209261,-0.3056560754776001,0.9999973177909851,1.190472041273283,1.7456161870152271,0.11102662235498428,0.9999845027923584,1.1884440542282564,1.7669830052911277,-0.111183300614357,0.999994695186615,1.408143522105431,1.8392072901072618,0.18165190517902374,0.4655178189277649,1.4450092880095682,1.820286856953563,-0.1509469747543335,0.9864885210990906,1.4351839830688984,2.1738379848896665,0.2898237109184265,0.7433807253837585,1.4562695985477578,2.1930914255247065,-0.04826445132493973,0.981947660446167,1.2054716361036193,1.77508323008702,-0.014324849471449852,0.05166374519467354,1.2367788544368374,1.8375888293891935,-0.4322487413883209,0.9918258786201477,0.002790093421936035,1.1894580477507697,1.7562995961531773,117.8858638794393,103.46682634663603,1.0,-0.0008201707182803784,0.00803736059315979,-0.057667259410826475,0.08031705881035416,156.895786774771,1.1751909657728437,72,2.4
1.133219536473794,1.1737225866968541,-0.24625924229621887,0.9999979734420776,1.056403171899382,1.3328718106489945,0.0193356741219759,0.999955415725708,1.0559951028547014,1.3416890479035681,-0.3076309561729431,0.9999973773956299,1.190015414445866,1.7434176198242524,0.11082664877176285,0.9999847412109375,1.1880864903646844,1.7665129181608938,-0.11097428947687149,0.9999948143959045,1.4004989798273884,1.83993794626365,0.19045108556747437,0.44956499338150024,1.444561567308229,1.819949294273373,-0.15379902720451355,0.9860989451408386,1.4366046564851342,2.173722586696854,0.2949593663215637,0.7421888113021851,1.4552798535607845,2.1939464347016275,-0.06264179199934006,0.9817912578582764,1.2059191788887424,1.7724203768442,-0.013488389551639557,0.0475931279361248,1.2360574495961874,1.839013633845736,-0.42923370003700256,0.9920371770858765,0.0033182501792907715,1.1890509524052753,1.7549652689925732,120.80823020978296,103.41073543480768,1.0,-0.0006377542782131703,-0.006470697901421268,0.001373861058246445,-0.10938371642370216,157.19823308220933,1.1680120440079413,73,2.433333333333333
1.1365339631405686,1.1759002738217592,-0.24645233154296875,0.9999978542327881,1.060527897252778,1.3352107491403156,0.016333583742380142,0.9999545812606812,1.0584072165500522,1.3450650004383211,-0.3084191679954529,0.9999974966049194,1.192517521934896,1.7466074146473816,0.11045362055301666,0.9999852776527405,1.1894028638828584,1.772129681160087,-0.11060124635696411,0.9999950528144836,1.4105905513841228,1.8396176412137646,0.1558491587638855,0.4432412385940552,1.4470358586313354,1.8246334862234295,-0.1550377458333969,0.9853556752204895,1.4391800341374774,2.175900273821759,0.2655506730079651,0.7372466921806335,1.456883604530455,2.197998796501206,-0.060950327664613724,0.9812523126602173,1.2080098913796722,1.776212374300025,-0.018928026780486107,0.044354841113090515,1.238300853278265,1.8446574213312823,-0.43173521757125854,0.992397129535675,0.00370180606842041,1.1909601929088771,1.7593685479037344,117.95809636361734,103.02960653080005,1.0,-0.0018093284330541893,0.008977859705509222,-0.008599567807298734,0.11359342261910617,155.25425090112336,1.1745564245647016,74,2.466666666666667
1.1403122315584588,1.1792200620633264,-0.25252678990364075,0.9999977946281433,1.0642724100028484,1.3382479921507118,0.01770816557109356,0.9999537467956543,1.0608657024494355,1.348247914217674,-0.3094947338104248,0.999997615814209,1.1954830965626917,1.7501905780865976,0.11054197698831558,0.9999855160713196,1.1910358239088699,1.7768583093079562,-0.11069042980670929,0.999995231628418,1.419214374542044,1.8425409096757683,0.16348320245742798,0.4319871962070465,1.450698049399685,1.8294963505867006,-0.15409132838249207,0.9848065376281738,1.4431126200785087,2.1792200620633264,0.2892919182777405,0.7275082468986511,1.4602779282981062,2.203517356562256,-0.05951380729675293,0.9803826212882996,1.211273840948849,1.7790541124071146,-0.02050986886024475,0.04153745621442795,1.2400604760372609,1.8499122617137729,-0.43200334906578064,0.992887556552887,0.00374758243560791,1.1932594602357809,1.763524443697277,116.48970922473003,102.92676718466436,1.0,-0.004226543653666335,-0.0003406707947879096,-0.0187597231277634,-0.07261608759529428,152.8645788638741,1.17376671665889,75,2.5
1.1441622438673906,1.1838725021700325,-0.2347819060087204,0.999997615814209,1.0674224799015322,1.3418933687715484,0.02460785023868084,0.9999532699584961,1.0627112866009816,1.3519363228545784,-0.30040302872657776,0.9999977350234985,1.1974461199979107,1.754817153084875,0.11063778400421143,0.999985933303833,1.1895112771911944,1.7824364729725797,-0.11078928411006927,0.9999954104423523,1.4247119349193609,1.8421005834466695,0.163992777466774,0.4254397749900818,1.4544352193975583,1.8346622265230796,-0.1525886356830597,0.9843665361404419,1.447212330648753,2.1838725021700323,0.2867371439933777,0.7216525077819824,1.4642961977682059,2.210087052491859,-0.05486948415637016,0.9799380898475647,1.2125976315247005,1.7843720183235667,-0.01686209812760353,0.03939390182495117,1.239988803948283,1.8567296125599924,-0.42361778020858765,0.9933138489723206,0.0037533044815063477,1.1934786985945527,1.7686268130287273,114.77632977037395,102.65659688381479,1.0,-0.023368594690476398,0.0016163499219195047,-0.1447396266466638,0.01481391444212507,146.49255159133602,1.1683508647103649,76,2.533333333333333
1.1463282705799325,1.1866481855044,-0.23042121529579163,0.9999973773956299,1.0692109996670547,1.3439245960912758,0.028440240770578384,0.9999524354934692,1.0635736116028178,1.3539095987814316,-0.2964651584625244,0.9999977946281433,1.1984873473225701,1.7573951336329068,0.11070568859577179,0.9999862313270569,1.1889935766088287,1.7855784801581334,-0.11085937172174454,0.9999955296516418,1.4278202453540405,1.8423379351757474,0.16505105793476105,0.41872647404670715,1.4563541866405187,1.8374805605586964,-0.15077006816864014,0.9839274287223816,1.4494255077574483,2.1866481855044,0.2869020700454712,0.7160019278526306,1.4664048360035105,2.214034348223974,-0.053200673311948776,0.9794983863830566,1.2084062241670959,1.787282738063626,-0.014896752312779427,0.03738505020737648,1.2402903819079047,1.860489799249759,-0.420341819524765,0.9936944842338562,0.0037261247634887695,1.1937404619656993,1.77148680689552,113.91473571816913,102.51497533147867,1.0,-0.011146611611165327,0.0017681219255488152,0.09066404309789744,0.0011049622734899804,144.0210595818415,1.1649094534812166,77,2.566666666666667
1.1489781765841154,1.1912475045147823,-0.22878806293010712,0.9999971389770508,1.0718789378046454,1.3455891585998152,0.028428826481103897,0.9999527335166931,1.063547488548479,1.3561869426049404,-0.29686930775642395,0.9999978542327881,1.2009970336288767,1.760744742024151,0.11074958741664886,0.9999866485595703,1.189113702089585,1.790791484478072,-0.11090455204248428,0.9999957084655762,1.4322484917045248,1.8415891393922321,0.16212761402130127,0.4154800772666931,1.4589571162695032,1.841546082393329,-0.150527223944664,0.9836746454238892,1.4506868111530433,2.1912475045147826,0.28149813413619995,0.7124001979827881,1.4692986391027179,2.218773891932535,-0.051990289241075516,0.9792205095291138,1.2123030972627993,1.790405892246259,-0.020438654348254204,0.03643528372049332,1.2404538911962444,1.864345963786503,-0.42350468039512634,0.9941167235374451,0.003946423530578613,1.1950553678592308,1.7757681132511116,112.28792814513541,102.22260047959918,1.0,-0.009355550174172533,0.004011189832248206,0.013937114687738748,0.01719808354429353,141.14517227339007,1.162382733357632,78,2.6
1.1501704412570364,1.1928717429540803,-0.22520200908184052,0.9999969005584717,1.072539574729841,1.3466682258410732,0.035722967237234116,0.999951958656311,1.0639558390547559,1.35719233270646,-0.29483211040496826,0.9999979138374329,1.2007668254675121,1.7621372116194802,0.1115296483039856,0.9999868869781494,1.1889988498418933,1.7925053903649428,-0.11169137060642242,0.9999958276748657,1.4340667860609808,1.8426042270713259,0.16456615924835205,0.40267881751060486,1.4599559159455484,1.843703925595343,-0.15165245532989502,0.9828999042510986,1.4518859068788426,2.1928717429540803,0.280593603849411,0.7024365067481995,1.4701618871563542,2.2206959577869547,-0.05666019394993782,0.9782719612121582,1.2116798715923762,1.791977567111245,-0.017812976613640785,0.03478626906871796,1.2383896504993095,1.8657291329601995,-0.42951321601867676,0.9944559335708618,0.003915905952453613,1.1948828376547027,1.7773213009922115,111.94201330301118,102.25087508701318,1.0,-0.008152307173044647,0.0011411059300904494,0.008867593395783349,-0.021046273981647837,141.66621949656755,1.1601463337107683,79,2.6333333333333333
1.1534669798478117,1.1980362623416272,-0.22630031406879425,0.9999968409538269,1.0747056859147353,1.3502998999128917,0.034420497715473175,0.9999525547027588,1.0657207356041054,1.3607114649774632,-0.29392820596694946,0.9999979734420776,1.2038758013915818,1.7669528462984234,0.11116228252649307,0.9999872446060181,1.192286835421038,1.7975390875416046,-0.11132387816905975,0.9999959468841553,1.4396355550658195,1.8467181435552078,0.1599857211112976,0.40281546115875244,1.4637417543787508,1.8488745701804026,-0.15141770243644714,0.9828635454177856,1.4571491124437141,2.198036262341627,0.2779623568058014,0.7019157409667969,1.47389872456802,2.2268801751227234,-0.0562313012778759,0.978168785572052,1.2161464712427459,1.7983525061211194,-0.016989490017294884,0.03466319292783737,1.2392443302845664,1.8713075109343278,-0.42897719144821167,0.9948136210441589,0.0038634538650512695,1.19808131840631,1.782245966920014,111.54626219172513,102.24803467419068,1.0,-0.0005799050128448346,0.00047213505470552905,0.06066103121772503,-0.005368198105972355,142.02416292164287,1.1566286893605122,80,2.6666666666666665
